{
    "english" : {
        "Auth" : {
            "welcome" : "Welcome",
            "email" : "Enter your email",
            "password" : "Enter your password",
            "login" : "Log In",
            "noAccount" : "Don’t have an account?",
            "joinNow" : "Join Now",
            "selectLang" : "Select Your Language",
            "continue" : "Continue",
            "terms" : "Terms & Conditions",
            "ok" : "OK",
            "cancel" : "Cancel",
            "signup" : "Sign Up",
            "firstname" : "Enter your firstname",
            "lastname" : "Enter your lastname",
            "gender" : "Select your gender",
            "occupation" : "Select your occupation",
            "occupationOptional" : "Select your occupation(optional)",
            "number" : "Enter phone number",
            "whatsappNo" : "Enter whatsapp number(optional)",
            "identityNo" : "Enter your Identity number",
            "address" : "Enter your address",
            "area" : "Enter your area(optional)",
            "serviceDesc" : "Service description...",
            "businessName" : "Enter your business name",
            "businessType" : "Enter your business type",
            "businessDesc" : "Business Descrption...",
            "landlineNo" : "Enter your landline(optional)",
            "delivery" : "Home Delivery :",
            "yes" : "Yes",
            "no" : "No",
            "career" : "Career",
            "closingTime" : "Select closing time",
            "openingTime" : "Select opening time"
        },
        "Settings" : {
            "settings" : "Settings",
            "changeLang" : "Change Language",
            "english" : "English",
            "hindi" : "Hindi",
            "changeTheme" : "Select Your Theme",
            "dark" : "Dark",
            "light" : "Light",
            "changeFont" : "Select your font",
            "small" : "Small",
            "medium" : "Medium",
            "large" : "Large"
        },
        "Home" : {
            "go" : "GO",
            "search" : "Search...",
            "services" : "SERVICES",
            "business" : "BUSINESS",
            "agent" : "AGENT",
            "city" : "City"
        },
        "Container" : {
            "guest" : "Guest",
            "login" : "LOGIN/SIGNUP",
            "profile" : "MY PROFILE",
            "setting" : "SETTING",
            "career" : "CAREER",
            "invite" : "INVITE",
            "offer" : "OFFER",
            "feedback" : "FEEDBACK",
            "aboutUs" : "ABOUT US",
            "ads" : "ANCHOR ADS"
        },
        "Profile" : {
            "profile" : "Profile",
            "addContact" : "Add Contact",
            "share" : "Share",
            "phone" : "Phone"
        },
        "Ads" : {
            "selectLogo" : "Select Logo",
            "enterName" : "Enter name",
            "enterDesc" : "Enter description",
            "enterAddress" : "Enter address",
            "enterNo" : "Enter phone No"
        }
    },
    "hindi" : {
        "Auth" : {
            "welcome" : "वेलकम",
            "email" : "एंटर योर ईमेल",
            "password" : "एंटर योर पासवर्ड",
            "login" : "लोग इन",
            "noAccount" : "डॉन’टी हैवे ान अकाउंट?",
            "joinNow" : "ज्वाइन नाउ",
            "selectLang" : "सेलेक्ट योर लैंग्वेज",
            "continue" : "कंटिन्यू",
            "terms" : "टर्म्स & कंडीशंस",
            "ok" : "ओके",
            "cancel" : "कैंसिल",
            "signup" : "सिग्न उप",
            "firstname" : "एंटर योर फिरसत्नामे",
            "lastname" : "एंटर योर लॉटनमे",
            "gender" : "सेलेक्ट योर जेंडर",
            "occupation" : "सेलेक्ट योर ऑक्यूपेशन",
            "occupationOptional" : "सेलेक्ट योर ऑक्यूपेशन(ऑप्शनल)",
            "number" : "एंटर फ़ोन नंबर",
            "whatsappNo" : "एंटर व्हाट्सप्प नंबर(ऑप्शनल)",
            "identityNo" : "एंटर योर आइडेंटिटी नंबर",
            "address" : "एंटर योर एड्रेस",
            "area" : "एंटर योर एरिया(ऑप्शनल)",
            "serviceDesc" : "सर्विस डिस्क्रिप्शन...",
            "businessName" : "एंटर योर बिज़नेस नाम(ऑप्शनल)",
            "businessType" : "एंटर योर बिज़नेस टाइप",
            "businessDesc" : "बिज़नेस डेस्करपतिओं...",
            "landlineNo" : "एंटर योर लैंडलाइन(ऑप्शनल)",
            "delivery" : "होम डिलीवरी :",
            "yes" : "यस",
            "no" : "नो",
            "career" : "करियर",
            "closingTime" : "सेलेक्ट क्लोजिंग टाइम",
            "openingTime" : "सेलेक्ट ओपनिंग टाइम"
        },
        "Container" : {
            "guest" : "गेस्ट",
            "login" : "लॉगिन/सिगनुप",
            "profile" : "माय प्रोफाइल",
            "setting" : "सेटिंग",
            "career" : "करियर",
            "invite" : "इन्विते",
            "feedback" : "फीडबैक",
            "aboutUs" : "अबाउट उस",
            "offer" : "ऑफर",
            "ads" : "एंकर एड्स"
        },
        "Settings" : {
            "settings" : "सेटिंग्स",
            "changeLang" : "चेंज लैंग्वेज",
            "english" : "इंग्लिश",
            "hindi" : "हिंदी",
            "changeTheme" : "सेलेक्ट योर थीम",
            "dark" : "डार्क",
            "light" : "लाइट",
            "changeFont" : "सेलेक्ट योर फॉण्ट",
            "small" : "स्माल",
            "medium" : "मध्यम",
            "large" : "लार्ज"
        },
        "Home" : {
            "go" : "जो",
            "search" : "सर्च...",
            "services" : "सर्विसेज",
            "business" : "बिज़नेस",
            "agent" : "एजेंट",
            "city" : "सिटी"
        },
        "Profile" : {
            "profile" : "प्रोफाइल",
            "addContact" : "ऐड कांटेक्ट",
            "share" : "शेयर",
            "phone" : "फ़ोन"
        },
        "Ads" : {
            "selectLogo" : "सेलेक्ट लोगो",
            "enterName" : "एंटर नाम",
            "enterDesc" : "एंटर डिस्क्रिप्शन",
            "enterAddress" : "एंटर एड्रेस",
            "enterNo" : "एंटर फ़ोन नो"
        }
    }
}